PassengerId,Survived,class,Name,Sex,Age
1,0,3,Braund,male,22
2,1,1,Cumings,female,38
3,1,3,Heikkinen,female,26
4,1,1,Futrelle,female,35
5,0,3,Allen,male,35
6,0,3,Moran,male,0
7,0,1,McCarthy,male,54
8,0,3,Palsson,male,2
9,1,3,Johnson,female,27
10,1,2,Nasser,female,14
11,1,3,Sandstrom,female,4
12,1,1,Bonnell,female,58
13,0,3,Saundercock,male,20
14,0,3,Andersson,male,39
15,0,3,Vestrom,female,14
16,1,2,Hewlett,female,55
17,0,3,Rice,male,2
18,1,2,Williams,male,0
19,0,3,Vander Planke,female,31
20,1,3,Masselmani,female,0
21,0,2,Fynney,male,35
22,1,2,Beesley,male,34
23,1,3,McGowan,female,15
24,1,1,Sloper,male,28
25,0,3,Palsson,female,8
26,1,3,Asplund,female,38
27,0,3,Emir,male,0
28,0,1,Fortune,male,19
29,1,3,O'Dwyer,female,0
30,0,3,Todoroff,male,0
31,0,1,Uruchurtu,male,40
32,1,1,Spencer,female,0
33,1,3,Glynn,female,0
34,0,2,Wheadon,male,66
35,0,1,Meyer,male,28
36,0,1,Holverson,male,42
37,1,3,Mamee,male,0
38,0,3,Cann,male,21
39,0,3,Vander Planke,female,18
40,1,3,Nicola-Yarred,female,14
41,0,3,Ahlin,female,40
42,0,2,Turpin,female,27
43,0,3,Kraeff,male,0
44,1,2,Laroche,female,3
45,1,3,Devaney,female,19
46,0,3,Rogers,male,0
47,0,3,Lennon,male,0
48,1,3,O'Driscoll,female,0
49,0,3,Samaan,male,0
50,0,3,Arnold-Franchi,female,18
51,0,3,Panula,male,7
52,0,3,Nosworthy,male,21
53,1,1,Harper,female,49
54,1,2,Faunthorpe,female,29
55,0,1,Ostby,male,65
56,1,1,Woolner,male,0
57,1,2,Rugg,female,21
58,0,3,Novel,male,28
59,1,2,West,female,5
60,0,3,Goodwin,male,11
61,0,3,Sirayanian,male,22
62,1,1,Icard,female,38
63,0,1,Harris,male,45
64,0,3,Skoog,male,4
65,0,1,Stewart,male,0
66,1,3,Moubarek,male,0
67,1,2,Nye,female,29
68,0,3,Crease,male,19
69,1,3,Andersson,female,17
70,0,3,Kink,male,26
71,0,2,Jenkin,male,32
72,0,3,Goodwin,female,16
73,0,2,Hood,male,21
74,0,3,Chronopoulos,male,26
75,1,3,Bing,male,32
76,0,3,Moen,male,25
77,0,3,Staneff,male,0
78,0,3,Moutal,male,0
79,1,2,Caldwell,male,1
80,1,3,Dowdell,female,30
81,0,3,Waelens,male,22
82,1,3,Sheerlinck,male,29
83,1,3,McDermott,female,0
84,0,1,Carrau,male,28
85,1,2,Ilett,female,17
86,1,3,Backstrom,female,33
87,0,3,Ford,male,16
88,0,3,Slocovski,male,0
89,1,1,Fortune,female,23
90,0,3,Celotti,male,24
91,0,3,Christmann,male,29
92,0,3,Andreasson,male,20
93,0,1,Chaffee,male,46
94,0,3,Dean,male,26
95,0,3,Coxon,male,59
96,0,3,Shorney,male,0
97,0,1,Goldschmidt,male,71
98,1,1,Greenfield,male,23
99,1,2,Doling,female,34
100,0,2,Kantor,male,34
101,0,3,Petranec,female,28
102,0,3,Petroff,male,0
103,0,1,White,male,21
104,0,3,Johansson,male,33
105,0,3,Gustafsson,male,37
106,0,3,Mionoff,male,28
107,1,3,Salkjelsvik,female,21
108,1,3,Moss,male,0
109,0,3,Rekic,male,38
110,1,3,Moran,female,0
111,0,1,Porter,male,47
112,0,3,Zabour,female,14
113,0,3,Barton,male,22
114,0,3,Jussila,female,20
115,0,3,Attalah,female,17
116,0,3,Pekoniemi,male,21
117,0,3,Connors,male,70
118,0,2,Turpin,male,29
119,0,1,Baxter,male,24
120,0,3,Andersson,female,2
121,0,2,Hickman,male,21
122,0,3,Moore,male,0
123,0,2,Nasser,male,32
124,1,2,Webber,female,32
125,0,1,White,male,54
126,1,3,Nicola-Yarred,male,12
127,0,3,McMahon,male,0
128,1,3,Madsen,male,24
129,1,3,Peter,female,0
130,0,3,Ekstrom,male,45
131,0,3,Drazenoic,male,33
132,0,3,Coelho,male,20
133,0,3,Robins,female,47
134,1,2,Weisz,female,29
135,0,2,Sobey,male,25
136,0,2,Richard,male,23
137,1,1,Newsom,female,19
138,0,1,Futrelle,male,37
139,0,3,Osen,male,16
140,0,1,Giglio,male,24
141,0,3,Boulos,female,0
142,1,3,Nysten,female,22
143,1,3,Hakkarainen,female,24
144,0,3,Burke,male,19
145,0,2,Andrew,male,18
146,0,2,Nicholls,male,19
147,1,3,Andersson,male,27
148,0,3,Ford,female,9
149,0,2,Navratil,male,36
150,0,2,Byles,male,42
151,0,2,Bateman,male,51
152,1,1,Pears,female,22
153,0,3,Meo,male,56
154,0,3,van Billiard,male,40
155,0,3,Olsen,male,0
156,0,1,Williams,male,51
157,1,3,Gilnagh,female,16
158,0,3,Corn,male,30
159,0,3,Smiljanic,male,0
160,0,3,Sage,male,0
161,0,3,Cribb,male,44
162,1,2,Watt,female,40
163,0,3,Bengtsson,male,26
164,0,3,Calic,male,17
165,0,3,Panula,male,1
166,1,3,Goldsmith,male,9
167,1,1,Chibnall,female,0
168,0,3,Skoog,female,45
169,0,1,Baumann,male,0
170,0,3,Ling,male,28
171,0,1,Van der hoef,male,61
172,0,3,Rice,male,4
173,1,3,Johnson,female,1
174,0,3,Sivola,male,21
175,0,1,Smith,male,56
176,0,3,Klasen,male,18
177,0,3,Lefebre,male,0
178,0,1,Isham,female,50
179,0,2,Hale,male,30
180,0,3,Leonard,male,36
181,0,3,Sage,female,0
182,0,2,Pernot,male,0
183,0,3,Asplund,male,9
184,1,2,Becker,male,1
185,1,3,Kink-Heilmann,female,4
186,0,1,Rood,male,0
187,1,3,O'Brien,female,0
188,1,1,Romaine,male,45
189,0,3,Bourke,male,40
190,0,3,Turcin,male,36
191,1,2,Pinsky,female,32
192,0,2,Carbines,male,19
193,1,3,Andersen-Jensen,female,19
194,1,2,Navratil,male,3
195,1,1,Brown,female,44
196,1,1,Lurette,female,58
197,0,3,Mernagh,male,0
198,0,3,Olsen,male,42
199,1,3,Madigan,female,0
200,0,2,Yrois,female,24
201,0,3,Vande Walle,male,28
202,0,3,Sage,male,0
203,0,3,Johanson,male,34
204,0,3,Youseff,male,46
205,1,3,Cohen,male,18
206,0,3,Strom,female,2
207,0,3,Backstrom,male,32
208,1,3,Albimona,male,26
209,1,3,Carr,female,16
210,1,1,Blank,male,40
211,0,3,Ali,male,24
212,1,2,Cameron,female,35
213,0,3,Perkin,male,22
214,0,2,Givard,male,30
215,0,3,Kiernan,male,0
216,1,1,Newell,female,31
217,1,3,Honkanen,female,27
218,0,2,Jacobsohn,male,42
219,1,1,Bazzani,female,32
220,0,2,Harris,male,30
221,1,3,Sunderland,male,16
222,0,2,Bracken,male,27
223,0,3,Green,male,51
224,0,3,Nenkoff,male,0
225,1,1,Hoyt,male,38
226,0,3,Berglund,male,22
227,1,2,Mellors,male,19
228,0,3,Lovell,male,20
229,0,2,Fahlstrom,male,18
230,0,3,Lefebre,female,0
231,1,1,Harris,female,35
232,0,3,Larsson,male,29
233,0,2,Sjostedt,male,59
234,1,3,Asplund,female,5
235,0,2,Leyson,male,24
236,0,3,Harknett,female,0
237,0,2,Hold,male,44
238,1,2,Collyer,female,8
239,0,2,Pengelly,male,19
240,0,2,Hunt,male,33
241,0,3,Zabour,female,0
242,1,3,Murphy,female,0
243,0,2,Coleridge,male,29
244,0,3,Maenpaa,male,22
245,0,3,Attalah,male,30
246,0,1,Minahan,male,44
247,0,3,Lindahl,female,25
248,1,2,Hamalainen,female,24
249,1,1,Beckwith,male,37
250,0,2,Carter,male,54
251,0,3,Reed,male,0
252,0,3,Strom,female,29
253,0,1,Stead,male,62
254,0,3,Lobb,male,30
255,0,3,Rosblom,female,41
256,1,3,Touma,female,29
257,1,1,Thorne,female,0
258,1,1,Cherry,female,30
259,1,1,Ward,female,35
260,1,2,Parrish,female,50
261,0,3,Smith,male,0
262,1,3,Asplund,male,3
263,0,1,Taussig,male,52
264,0,1,Harrison,male,40
265,0,3,Henry,female,0
266,0,2,Reeves,male,36
267,0,3,Panula,male,16
268,1,3,Persson,male,25
269,1,1,Graham,female,58
270,1,1,Bissette,female,35
271,0,1,Cairns,male,0
272,1,3,Tornquist,male,25
273,1,2,Mellinger,female,41
274,0,1,Natsch,male,37
275,1,3,Healy,female,0
276,1,1,Andrews,female,63
277,0,3,Lindblom,female,45
278,0,2,Parkes,male,0
279,0,3,Rice,male,7
280,1,3,Abbott,female,35
281,0,3,Duane,male,65
282,0,3,Olsson,male,28
283,0,3,de Pelsmaeker,male,16
284,1,3,Dorking,male,19
285,0,1,Smith,male,0
286,0,3,Stankovic,male,33
287,1,3,de Mulder,male,30
288,0,3,Naidenoff,male,22
289,1,2,Hosono,male,42
290,1,3,Connolly,female,22
291,1,1,Barber,female,26
292,1,1,Bishop,female,19
293,0,2,Levy,male,36
294,0,3,Haas,female,24
295,0,3,Mineff,male,24
296,0,1,Lewy,male,0
297,0,3,Hanna,male,24
298,0,1,Allison,female,2
299,1,1,Saalfeld,male,0
300,1,1,Baxter,female,50
301,1,3,Kelly,female,0
302,1,3,McCoy,male,0
303,0,3,Johnson,male,19
304,1,2,Keane,female,0
305,0,3,Williams,male,0
306,1,1,Allison,male,1
307,1,1,Fleming,female,0
308,1,1,Penasco y Castellana,female,17
309,0,2,Abelson,male,30
310,1,1,Francatelli,female,30
311,1,1,Hays,female,24
312,1,1,Ryerson,female,18
313,0,2,Lahtinen,female,26
314,0,3,Hendekovic,male,28
315,0,2,Hart,male,43
316,1,3,Nilsson,female,26
317,1,2,Kantor,female,24
318,0,2,Moraweck,male,54
319,1,1,Wick,female,31
320,1,1,Spedden,female,40
321,0,3,Dennis,male,22
322,0,3,Danoff,male,27
323,1,2,Slayter,female,30
324,1,2,Caldwell,female,22
325,0,3,Sage,male,0
326,1,1,Young,female,36
327,0,3,Nysveen,male,61
328,1,2,Ball,female,36
329,1,3,Goldsmith,female,31
330,1,1,Hippach,female,16
331,1,3,McCoy,female,0
332,0,1,Partner,male,46
333,0,1,Graham,male,38
334,0,3,Vander Planke,male,16
335,1,1,Frauenthal,female,0
336,0,3,Denkoff,male,0
337,0,1,Pears,male,29
338,1,1,Burns,female,41
339,1,3,Dahl,male,45
340,0,1,Blackwell,male,45
341,1,2,Navratil,male,2
342,1,1,Fortune,female,24
343,0,2,Collander,male,28
344,0,2,Sedgwick,male,25
345,0,2,Fox,male,36
346,1,2,Brown,female,24
347,1,2,Smith,female,40
348,1,3,Davison,female,0
349,1,3,Coutts,male,3
350,0,3,Dimic,male,42
351,0,3,Odahl,male,23
352,0,1,Williams-Lambert,male,0
353,0,3,Elias,male,15
354,0,3,Arnold-Franchi,male,25
355,0,3,Yousif,male,0
356,0,3,Vanden Steen,male,28
357,1,1,Bowerman,female,22
358,0,2,Funk,female,38
359,1,3,McGovern,female,0
360,1,3,Mockler,female,0
361,0,3,Skoog,male,40
362,0,2,del Carlo,male,29
363,0,3,Barbara,female,45
364,0,3,Asim,male,35
365,0,3,O'Brien,male,0
366,0,3,Adahl,male,30
367,1,1,Warren,female,60
368,1,3,Moussa,female,0
369,1,3,Jermyn,female,0
370,1,1,Aubart,female,24
371,1,1,Harder,male,25
372,0,3,Wiklund,male,18
373,0,3,Beavan,male,19
374,0,1,Ringhini,male,22
375,0,3,Palsson,female,3
376,1,1,Meyer,female,0
377,1,3,Landergren,female,22
378,0,1,Widener,male,27
379,0,3,Betros,male,20
380,0,3,Gustafsson,male,19
381,1,1,Bidois,female,42
382,1,3,Nakid,female,1
383,0,3,Tikkanen,male,32
384,1,1,Holverson,female,35
385,0,3,Plotcharsky,male,0
386,0,2,Davies,male,18
387,0,3,Goodwin,male,1
388,1,2,Buss,female,36
389,0,3,Sadlier,male,0
390,1,2,Lehmann,female,17
391,1,1,Carter,male,36
392,1,3,Jansson,male,21
393,0,3,Gustafsson,male,28
394,1,1,Newell,female,23
395,1,3,Sandstrom,female,24
396,0,3,Johansson,male,22
397,0,3,Olsson,female,31
398,0,2,McKane,male,46
399,0,2,Pain,male,23
400,1,2,Trout,female,28
401,1,3,Niskanen,male,39
402,0,3,Adams,male,26
403,0,3,Jussila,female,21
404,0,3,Hakkarainen,male,28
405,0,3,Oreskovic,female,20
406,0,2,Gale,male,34
407,0,3,Widegren,male,51
408,1,2,Richards,male,3
409,0,3,Birkeland,male,21
410,0,3,Lefebre,female,0
411,0,3,Sdycoff,male,0
412,0,3,Hart,male,0
413,1,1,Minahan,female,33
414,0,2,Cunningham,male,0
415,1,3,Sundman,male,44
416,0,3,Meek,female,0
417,1,2,Drew,female,34
418,1,2,Silven,female,18
419,0,2,Matthews,male,30
420,0,3,Van Impe,female,10
421,0,3,Gheorgheff,male,0
422,0,3,Charters,male,21
423,0,3,Zimmerman,male,29
424,0,3,Danbom,female,28
425,0,3,Rosblom,male,18
426,0,3,Wiseman,male,0
427,1,2,Clarke,female,28
428,1,2,Phillips,female,19
429,0,3,Flynn,male,0
430,1,3,Pickard,male,32
431,1,1,Bjornstrom-Steffansson,male,28
432,1,3,Thorneycroft,female,0
433,1,2,Louch,female,42
434,0,3,Kallio,male,17
435,0,1,Silvey,male,50
436,1,1,Carter,female,14
437,0,3,Ford,female,21
438,1,2,Richards,female,24
439,0,1,Fortune,male,64
440,0,2,Kvillner,male,31
441,1,2,Hart,female,45
442,0,3,Hampe,male,20
443,0,3,Petterson,male,25
444,1,2,Reynaldo,female,28
445,1,3,Johannesen-Bratthammer,male,0
446,1,1,Dodge,male,4
447,1,2,Mellinger,female,13
448,1,1,Seward,male,34
449,1,3,Baclini,female,5
450,1,1,Peuchen,male,52
451,0,2,West,male,36
452,0,3,Hagland,male,0
453,0,1,Foreman,male,30
454,1,1,Goldenberg,male,49
455,0,3,Peduzzi,male,0
456,1,3,Jalsevac,male,29
457,0,1,Millet,male,65
458,1,1,Kenyon,female,0
459,1,2,Toomey,female,50
460,0,3,O'Connor,male,0
461,1,1,Anderson,male,48
462,0,3,Morley,male,34
463,0,1,Gee,male,47
464,0,2,Milling,male,48
465,0,3,Maisner,male,0
466,0,3,Goncalves,male,38
467,0,2,Campbell,male,0
468,0,1,Smart,male,56
469,0,3,Scanlan,male,0
470,1,3,Baclini,female,1
471,0,3,Keefe,male,0
472,0,3,Cacic,male,38
473,1,2,West,female,33
474,1,2,Jerwan,female,23
475,0,3,Strandberg,female,22
476,0,1,Clifford,male,0
477,0,2,Renouf,male,34
478,0,3,Braund,male,29
479,0,3,Karlsson,male,22
480,1,3,Hirvonen,female,2
481,0,3,Goodwin,male,9
482,0,2,Frost,male,0
483,0,3,Rouse,male,50
484,1,3,Turkula,female,63
485,1,1,Bishop,male,25
486,0,3,Lefebre,female,0
487,1,1,Hoyt,female,35
488,0,1,Kent,male,58
489,0,3,Somerton,male,30
490,1,3,Coutts,male,9
491,0,3,Hagland,male,0
492,0,3,Windelov,male,21
493,0,1,Molson,male,55
494,0,1,Artagaveytia,male,71
495,0,3,Stanley,male,21
496,0,3,Yousseff,male,0
497,1,1,Eustis,female,54
498,0,3,Shellard,male,0
499,0,1,Allison,female,25
500,0,3,Svensson,male,24
501,0,3,Calic,male,17
502,0,3,Canavan,female,21
503,0,3,O'Sullivan,female,0
504,0,3,Laitinen,female,37
505,1,1,Maioni,female,16
506,0,1,Penasco y Castellana,male,18
507,1,2,Quick,female,33
508,1,1,Bradley,male,0
509,0,3,Olsen,male,28
510,1,3,Lang,male,26
511,1,3,Daly,male,29
512,0,3,Webber,male,0
513,1,1,McGough,male,36
514,1,1,Rothschild,female,54
515,0,3,Coleff,male,24
516,0,1,Walker,male,47
517,1,2,Lemore,female,34
518,0,3,Ryan,male,0
519,1,2,Angle,female,36
520,0,3,Pavlovic,male,32
521,1,1,Perreault,female,30
522,0,3,Vovk,male,22
523,0,3,Lahoud,male,0
524,1,1,Hippach,female,44
525,0,3,Kassem,male,0
526,0,3,Farrell,male,40
527,1,2,Ridsdale,female,50
528,0,1,Farthing,male,0
529,0,3,Salonen,male,39
530,0,2,Hocking,male,23
531,1,2,Quick,female,2
532,0,3,Toufik,male,0
533,0,3,Elias,male,17
534,1,3,Peter,female,0
535,0,3,Cacic,female,30
536,1,2,Hart,female,7
537,0,1,Butt,male,45
538,1,1,LeRoy,female,30
539,0,3,Risien,male,0
540,1,1,Frolicher,female,22
541,1,1,Crosby,female,36
542,0,3,Andersson,female,9
543,0,3,Andersson,female,11
544,1,2,Beane,male,32
545,0,1,Douglas,male,50
546,0,1,Nicholson,male,64
547,1,2,Beane,female,19
548,1,2,Padro y Manent,male,0
549,0,3,Goldsmith,male,33
550,1,2,Davies,male,8
551,1,1,Thayer,male,17
552,0,2,Sharp,male,27
553,0,3,O'Brien,male,0
554,1,3,Leeni,male,22
555,1,3,Ohman,female,22
556,0,1,Wright,male,62
557,1,1,Duff Gordon,female,48
558,0,1,Robbins,male,0
559,1,1,Taussig,female,39
560,1,3,de Messemaeker,female,36
561,0,3,Morrow,male,0
562,0,3,Sivic,male,40
563,0,2,Norman,male,28
564,0,3,Simmons,male,0
565,0,3,Meanwell,female,0
566,0,3,Davies,male,24
567,0,3,Stoytcheff,male,19
568,0,3,Palsson,female,29
569,0,3,Doharr,male,0
570,1,3,Jonsson,male,32
571,1,2,Harris,male,62
572,1,1,Appleton,female,53
573,1,1,Flynn,male,36
574,1,3,Kelly,female,0
575,0,3,Rush,male,16
576,0,3,Patchett,male,19
577,1,2,Garside,female,34
578,1,1,Silvey,female,39
579,0,3,Caram,female,0
580,1,3,Jussila,male,32
581,1,2,Christy,female,25
582,1,1,Thayer,female,39
583,0,2,Downton,male,54
584,0,1,Ross,male,36
585,0,3,Paulner,male,0
586,1,1,Taussig,female,18
587,0,2,Jarvis,male,47
588,1,1,Frolicher-Stehli,male,60
589,0,3,Gilinski,male,22
590,0,3,Murdlin,male,0
591,0,3,Rintamaki,male,35
592,1,1,Stephenson,female,52
593,0,3,Elsbury,male,47
594,0,3,Bourke,female,0
595,0,2,Chapman,male,37
596,0,3,Van Impe,male,36
597,1,2,Leitch,female,0
598,0,3,Johnson,male,49
599,0,3,Boulos,male,0
600,1,1,Duff Gordon,male,49
601,1,2,Jacobsohn,female,24
602,0,3,Slabenoff,male,0
603,0,1,Harrington,male,0
604,0,3,Torber,male,44
605,1,1,Homer,male,35
606,0,3,Lindell,male,36
607,0,3,Karaic,male,30
608,1,1,Daniel,male,27
609,1,2,Laroche,female,22
610,1,1,Shutes,female,40
611,0,3,Andersson,female,39
612,0,3,Jardin,male,0
613,1,3,Murphy,female,0
614,0,3,Horgan,male,0
615,0,3,Brocklebank,male,35
616,1,2,Herman,female,24
617,0,3,Danbom,male,34
618,0,3,Lobb,female,26
619,1,2,Becker,female,4
620,0,2,Gavey,male,26
621,0,3,Yasbeck,male,27
622,1,1,Kimball,male,42
623,1,3,Nakid,male,20
624,0,3,Hansen,male,21
625,0,3,Bowen,male,21
626,0,1,Sutton,male,61
627,0,2,Kirkland,male,57
628,1,1,Longley,female,21
629,0,3,Bostandyeff,male,26
630,0,3,O'Connell,male,0
631,1,1,Barkworth,male,80
632,0,3,Lundahl,male,51
633,1,1,Stahelin-Maeglin,male,32
634,0,1,Parr,male,0
635,0,3,Skoog,female,9
636,1,2,Davis,female,28
637,0,3,Leinonen,male,32
638,0,2,Collyer,male,31
639,0,3,Panula,female,41
640,0,3,Thorneycroft,male,0
641,0,3,Jensen,male,20
642,1,1,Sagesser,female,24
643,0,3,Skoog,female,2
644,1,3,Foo,male,0
645,1,3,Baclini,female,1
646,1,1,Harper,male,48
647,0,3,Cor,male,19
648,1,1,Simonius-Blumer,male,56
649,0,3,Willey,male,0
650,1,3,Stanley,female,23
651,0,3,Mitkoff,male,0
652,1,2,Doling,female,18
653,0,3,Kalvik,male,21
654,1,3,O'Leary,female,0
655,0,3,Hegarty,female,18
656,0,2,Hickman,male,24
657,0,3,Radeff,male,0
658,0,3,Bourke,female,32
659,0,2,Eitemiller,male,23
660,0,1,Newell,male,58
661,1,1,Frauenthal,male,50
662,0,3,Badt,male,40
663,0,1,Colley,male,47
664,0,3,Coleff,male,36
665,1,3,Lindqvist,male,20
666,0,2,Hickman,male,32
667,0,2,Butler,male,25
668,0,3,Rommetvedt,male,0
669,0,3,Cook,male,43
670,1,1,Taylor,female,0
671,1,2,Brown,female,40
672,0,1,Davidson,male,31
673,0,2,Mitchell,male,70
674,1,2,Wilhelms,male,31
675,0,2,Watson,male,0
676,0,3,Edvardsson,male,18
677,0,3,Sawyer,male,24
678,1,3,Turja,female,18
679,0,3,Goodwin,female,43
680,1,1,Cardeza,male,36
681,0,3,Peters,female,0
682,1,1,Hassab,male,27
683,0,3,Olsvigen,male,20
684,0,3,Goodwin,male,14
685,0,2,Brown,male,60
686,0,2,Laroche,male,25
687,0,3,Panula,male,14
688,0,3,Dakic,male,19
689,0,3,Fischer,male,18
690,1,1,Madill,female,15
691,1,1,Dick,male,31
692,1,3,Karun,female,4
693,1,3,Lam,male,0
694,0,3,Saad,male,25
695,0,1,Weir,male,60
696,0,2,Chapman,male,52
697,0,3,Kelly,male,44
698,1,3,Mullens,female,0
699,0,1,Thayer,male,49
700,0,3,Humblen,male,42
701,1,1,Astor,female,18
702,1,1,Silverthorne,male,35
703,0,3,Barbara,female,18
704,0,3,Gallagher,male,25
705,0,3,Hansen,male,26
706,0,2,Morley,male,39
707,1,2,Kelly,female,45
708,1,1,Calderhead,male,42
709,1,1,Cleaver,female,22
710,1,3,Moubarek,male,0
711,1,1,Mayne,female,24
712,0,1,Klaber,male,0
713,1,1,Taylor,male,48
714,0,3,Larsson,male,29
715,0,2,Greenberg,male,52
716,0,3,Soholt,male,19
717,1,1,Endres,female,38
718,1,2,Troutt,female,27
719,0,3,McEvoy,male,0
720,0,3,Johnson,male,33
721,1,2,Harper,female,6
722,0,3,Jensen,male,17
723,0,2,Gillespie,male,34
724,0,2,Hodges,male,50
725,1,1,Chambers,male,27
726,0,3,Oreskovic,male,20
727,1,2,Renouf,female,30
728,1,3,Mannion,female,0
729,0,2,Bryhl,male,25
730,0,3,Ilmakangas,female,25
731,1,1,Allen,female,29
732,0,3,Hassan,male,11
733,0,2,Knight,male,0
734,0,2,Berriman,male,23
735,0,2,Troupiansky,male,23
736,0,3,Williams,male,28
737,0,3,Ford,female,48
738,1,1,Lesurer,male,35
739,0,3,Ivanoff,male,0
740,0,3,Nankoff,male,0
741,1,1,Hawksford,male,0
742,0,1,Cavendish,male,36
743,1,1,Ryerson,female,21
744,0,3,McNamee,male,24
745,1,3,Stranden,male,31
746,0,1,Crosby,male,70
747,0,3,Abbott,male,16
748,1,2,Sinkkonen,female,30
749,0,1,Marvin,male,19
750,0,3,Connaghton,male,31
751,1,2,Wells,female,4
752,1,3,Moor,male,6
753,0,3,Vande Velde,male,33
754,0,3,Jonkoff,male,23
755,1,2,Herman,female,48
756,1,2,Hamalainen,male,1
757,0,3,Carlsson,male,28
758,0,2,Bailey,male,18
759,0,3,Theobald,male,34
760,1,1,Rothes,female,33
761,0,3,Garfirth,male,0
762,0,3,Nirva,male,41
763,1,3,Barah,male,20
764,1,1,Carter,female,36
765,0,3,Eklund,male,16
766,1,1,Hogeboom,female,51
767,0,1,Brewe,male,0
768,0,3,Mangan,female,30
769,0,3,Moran,male,0
770,0,3,Gronnestad,male,32
771,0,3,Lievens,male,24
772,0,3,Jensen,male,48
773,0,2,Mack,female,57
774,0,3,Elias,male,0
775,1,2,Hocking,female,54
776,0,3,Myhrman,male,18
777,0,3,Tobin,male,0
778,1,3,Emanuel,female,5
779,0,3,Kilgannon,male,0
780,1,1,Robert,female,43
781,1,3,Ayoub,female,13
782,1,1,Dick,female,17
783,0,1,Long,male,29
784,0,3,Johnston,male,0
785,0,3,Ali,male,25
786,0,3,Harmer,male,25
787,1,3,Sjoblom,female,18
788,0,3,Rice,male,8
789,1,3,Dean,male,1
790,0,1,Guggenheim,male,46
791,0,3,Keane,male,0
792,0,2,Gaskell,male,16
793,0,3,Sage,female,0
794,0,1,Hoyt,male,0
795,0,3,Dantcheff,male,25
796,0,2,Otter,male,39
797,1,1,Leader,female,49
798,1,3,Osman,female,31
799,0,3,Ibrahim Shawah,male,30
800,0,3,Van Impe,female,30
801,0,2,Ponesell,male,34
802,1,2,Collyer,female,31
803,1,1,Carter,male,11
804,1,3,Thomas,male,0
805,1,3,Hedman,male,27
806,0,3,Johansson,male,31
807,0,1,Andrews,male,39
808,0,3,Pettersson,female,18
809,0,2,Meyer,male,39
810,1,1,Chambers,female,33
811,0,3,Alexander,male,26
812,0,3,Lester,male,39
813,0,2,Slemen,male,35
814,0,3,Andersson,female,6
815,0,3,Tomlin,male,30
816,0,1,Fry,male,0
817,0,3,Heininen,female,23
818,0,2,Mallet,male,31
819,0,3,Holm,male,43
820,0,3,Skoog,male,10
821,1,1,Hays,female,52
822,1,3,Lulic,male,27
823,0,1,Reuchlin,male,38
824,1,3,Moor,female,27
825,0,3,Panula,male,2
826,0,3,Flynn,male,0
827,0,3,Lam,male,0
828,1,2,Mallet,male,1
829,1,3,McCormack,male,0
830,1,1,Stone,female,62
831,1,3,Yasbeck,female,15
832,1,2,Richards,male,1
833,0,3,Saad,male,0
834,0,3,Augustsson,male,23
835,0,3,Allum,male,18
836,1,1,Compton,female,39
837,0,3,Pasic,male,21
838,0,3,Sirota,male,0
839,1,3,Chip,male,32
840,1,1,Marechal,male,0
841,0,3,Alhomaki,male,20
842,0,2,Mudd,male,16
843,1,1,Serepeca,female,30
844,0,3,Lemberopolous,male,34
845,0,3,Culumovic,male,17
846,0,3,Abbing,male,42
847,0,3,Sage,male,0
848,0,3,Markoff,male,35
849,0,2,Harper,male,28
850,1,1,Goldenberg,female,0
851,0,3,Andersson,male,4
852,0,3,Svensson,male,74
853,0,3,Boulos,female,9
854,1,1,Lines,female,16
855,0,2,Carter,female,44
856,1,3,Aks,female,18
857,1,1,Wick,female,45
858,1,1,Daly,male,51
859,1,3,Baclini,female,24
860,0,3,Razi,male,0
861,0,3,Hansen,male,41
862,0,2,Giles,male,21
863,1,1,Swift,female,48
864,0,3,Sage,female,0
865,0,2,Gill,male,24
866,1,2,Bystrom,female,42
867,1,2,Duran y More,female,27
868,0,1,Roebling,male,31
869,0,3,van Melkebeke,male,0
870,1,3,Johnson,male,4
871,0,3,Balkic,male,26
872,1,1,Beckwith,female,47
873,0,1,Carlsson,male,33
874,0,3,Vander Cruyssen,male,47
875,1,2,Abelson,female,28
876,1,3,Najib,female,15
877,0,3,Gustafsson,male,20
878,0,3,Petroff,male,19
879,0,3,Laleff,male,0
880,1,1,Potter,female,56
881,1,2,Shelley,female,25
882,0,3,Markun,male,33
883,0,3,Dahlberg,female,22
884,0,2,Banfield,male,28
885,0,3,Sutehall,male,25
886,0,3,Rice,female,39
887,0,2,Montvila,male,27
888,1,1,Graham,female,19
889,0,3,Johnston,female,0
890,1,1,Behr,male,26
891,0,3,Dooley,male,32
